{
  "nodeLayouts": {
    "answer_the_question_with_context": {
      "x": -250.11877710783918,
      "y": 129.08318501111708,
      "index": 6
    },
    "format_context": {
      "x": 353.85693217147343,
      "y": -18.73162977467895,
      "index": 4
    },
    "lookup": {
      "x": 73.3764293948309,
      "y": -16.03931194617624,
      "index": 3
    },
    "outputs": {
      "x": -168.24578365075627,
      "y": 319.277696420342,
      "index": -1
    },
    "inputs": {
      "x": -780.6644817736556,
      "y": -9.550008438236729,
      "index": -1
    },
    "IntentDetermination": {
      "x": -681.3875776244965,
      "y": -17.60878170550984,
      "index": 0
    },
    "IntentExtraction": {
      "x": -438.0867005105139,
      "y": -15.541390643477143,
      "index": 1
    },
    "IntentWise_embeddings_generator": {
      "x": -184.52508254458647,
      "y": -13.597528002305609,
      "index": 2
    },
    "endpoint_getResponse": {
      "x": -250.0329263137857,
      "y": 226.93150414678198,
      "index": 5
    }
  },
  "orientation": "Vertical"
}